[{"model": "contenttypes.contenttype", "pk": 1, "fields": {"app_label": "admin", "model": "logentry"}}, {"model": "contenttypes.contenttype", "pk": 2, "fields": {"app_label": "auth", "model": "permission"}}, {"model": "contenttypes.contenttype", "pk": 3, "fields": {"app_label": "auth", "model": "group"}}, {"model": "contenttypes.contenttype", "pk": 4, "fields": {"app_label": "auth", "model": "user"}}, {"model": "contenttypes.contenttype", "pk": 5, "fields": {"app_label": "contenttypes", "model": "contenttype"}}, {"model": "contenttypes.contenttype", "pk": 6, "fields": {"app_label": "sessions", "model": "session"}}, {"model": "contenttypes.contenttype", "pk": 7, "fields": {"app_label": "core", "model": "action"}}, {"model": "contenttypes.contenttype", "pk": 8, "fields": {"app_label": "core", "model": "activescenario"}}, {"model": "contenttypes.contenttype", "pk": 9, "fields": {"app_label": "core", "model": "command"}}, {"model": "contenttypes.contenttype", "pk": 10, "fields": {"app_label": "core", "model": "device"}}, {"model": "contenttypes.contenttype", "pk": 11, "fields": {"app_label": "core", "model": "orderedaction"}}, {"model": "contenttypes.contenttype", "pk": 12, "fields": {"app_label": "core", "model": "orderedriddle"}}, {"model": "contenttypes.contenttype", "pk": 13, "fields": {"app_label": "core", "model": "riddle"}}, {"model": "contenttypes.contenttype", "pk": 14, "fields": {"app_label": "core", "model": "scenario"}}, {"model": "contenttypes.contenttype", "pk": 15, "fields": {"app_label": "core", "model": "huelamp"}}, {"model": "contenttypes.contenttype", "pk": 16, "fields": {"app_label": "core", "model": "hueremotecontrol"}}, {"model": "contenttypes.contenttype", "pk": 17, "fields": {"app_label": "core", "model": "knxlamp"}}, {"model": "contenttypes.contenttype", "pk": 18, "fields": {"app_label": "core", "model": "knxshutter"}}, {"model": "contenttypes.contenttype", "pk": 19, "fields": {"app_label": "core", "model": "modbusmotor"}}, {"model": "sessions.session", "pk": "j2z95od9995svxm0ofyjqu2asg2zh4y0", "fields": {"session_data": "ZTQwOGE0YjJjZGVjM2EyNTQ1YzBlOGY0ZjQ1NmQzODMzMmRjMmQ3Yzp7Il9hdXRoX3VzZXJfaWQiOiIxIiwiX2F1dGhfdXNlcl9iYWNrZW5kIjoiZGphbmdvLmNvbnRyaWIuYXV0aC5iYWNrZW5kcy5Nb2RlbEJhY2tlbmQiLCJfYXV0aF91c2VyX2hhc2giOiI4OTUzOGQ0YTllOWUzNjdhZDgxZDZmZjQ4M2ZjZWY5NDExZTlhNTZhIn0=", "expire_date": "2019-07-31T11:56:49.421Z"}}, {"model": "sessions.session", "pk": "tsxcz0ijnh83o4eovp5f7hfiphjhlb1y", "fields": {"session_data": "ZTQwOGE0YjJjZGVjM2EyNTQ1YzBlOGY0ZjQ1NmQzODMzMmRjMmQ3Yzp7Il9hdXRoX3VzZXJfaWQiOiIxIiwiX2F1dGhfdXNlcl9iYWNrZW5kIjoiZGphbmdvLmNvbnRyaWIuYXV0aC5iYWNrZW5kcy5Nb2RlbEJhY2tlbmQiLCJfYXV0aF91c2VyX2hhc2giOiI4OTUzOGQ0YTllOWUzNjdhZDgxZDZmZjQ4M2ZjZWY5NDExZTlhNTZhIn0=", "expire_date": "2019-07-31T14:04:06.920Z"}}, {"model": "core.device", "pk": 1, "fields": {}}, {"model": "core.device", "pk": 2, "fields": {}}, {"model": "core.device", "pk": 3, "fields": {}}, {"model": "core.device", "pk": 4, "fields": {}}, {"model": "core.device", "pk": 5, "fields": {}}, {"model": "core.device", "pk": 6, "fields": {}}, {"model": "core.device", "pk": 7, "fields": {}}, {"model": "core.device", "pk": 8, "fields": {}}, {"model": "core.device", "pk": 9, "fields": {}}, {"model": "core.device", "pk": 10, "fields": {}}, {"model": "core.device", "pk": 11, "fields": {}}, {"model": "core.device", "pk": 12, "fields": {}}, {"model": "core.device", "pk": 13, "fields": {}}, {"model": "core.device", "pk": 14, "fields": {}}, {"model": "core.device", "pk": 15, "fields": {}}, {"model": "core.device", "pk": 16, "fields": {}}, {"model": "core.device", "pk": 17, "fields": {}}, {"model": "core.device", "pk": 18, "fields": {}}, {"model": "core.device", "pk": 19, "fields": {}}, {"model": "core.huelamp", "pk": 1, "fields": {"lamp_id": 9, "name": "Rechts", "room": "K\u00fcche"}}, {"model": "core.huelamp", "pk": 2, "fields": {"lamp_id": 6, "name": "Decke", "room": "Flur"}}, {"model": "core.huelamp", "pk": 4, "fields": {"lamp_id": 1, "name": "Sofa", "room": "Wohnzimmer"}}, {"model": "core.huelamp", "pk": 5, "fields": {"lamp_id": 4, "name": "Fenster", "room": "Wohnzimmer"}}, {"model": "core.huelamp", "pk": 6, "fields": {"lamp_id": 7, "name": "Decke", "room": "Zimmer"}}, {"model": "core.huelamp", "pk": 7, "fields": {"lamp_id": 8, "name": "Fenster", "room": "Zimmer"}}, {"model": "core.huelamp", "pk": 8, "fields": {"lamp_id": 3, "name": "Decke", "room": "Wohnzimmer"}}, {"model": "core.huelamp", "pk": 18, "fields": {"lamp_id": 2, "name": "Ecke", "room": "Zimmer"}}, {"model": "core.hueremotecontrol", "pk": 9, "fields": {"control_id": 4, "name": "Wohnzimmer Schalter"}}, {"model": "core.modbusmotor", "pk": 19, "fields": {"device_address": 1}}, {"model": "core.knxlamp", "pk": 3, "fields": {"group_adddress": "0/0/1", "name": "Deckenlampe 1"}}, {"model": "core.knxlamp", "pk": 17, "fields": {"group_adddress": "0/0/2", "name": "Deckenlampe 2"}}, {"model": "core.knxshutter", "pk": 11, "fields": {"group_adddress": "3/1/1", "name": "Fahren", "modus": "Jalousie 1"}}, {"model": "core.knxshutter", "pk": 12, "fields": {"group_adddress": "3/1/2", "name": "Fahren", "modus": "Jalousie 2"}}, {"model": "core.knxshutter", "pk": 13, "fields": {"group_adddress": "3/1/3", "name": "Fahren", "modus": "Jalousie 3"}}, {"model": "core.knxshutter", "pk": 14, "fields": {"group_adddress": "3/2/1", "name": "Verstellen", "modus": "Jalousie 1"}}, {"model": "core.knxshutter", "pk": 15, "fields": {"group_adddress": "3/2/2", "name": "Verstellen", "modus": "Jalousie 2"}}, {"model": "core.knxshutter", "pk": 16, "fields": {"group_adddress": "3/2/3", "name": "Verstellen", "modus": "Jalousie 3"}}, {"model": "core.action", "pk": "Farbe Gelb", "fields": {"function": "set_color", "parameters": "{'hex_value': 'f5ff00'}"}}, {"model": "core.action", "pk": "Farbe Gr\u00fcn", "fields": {"function": "set_color", "parameters": "{'hex_value': 00f700}"}}, {"model": "core.action", "pk": "Farbe Magenta", "fields": {"function": "set_color", "parameters": "{'hex_value': 'ff00ff'}"}}, {"model": "core.action", "pk": "Farbe Orange", "fields": {"function": "set_color", "parameters": "{'hex_value': 'ffa500'}"}}, {"model": "core.action", "pk": "Farbe Rot", "fields": {"function": "set_color", "parameters": "{'hex_value': 'ff0000'}"}}, {"model": "core.action", "pk": "Jalousie dreiviertel", "fields": {"function": "send", "parameters": "{'value': '?'}"}}, {"model": "core.action", "pk": "Jalousie runter", "fields": {"function": "send", "parameters": "{'value': '?'}"}}, {"model": "core.action", "pk": "KNX Lampe an", "fields": {"function": "send", "parameters": "{'value':1}"}}, {"model": "core.action", "pk": "Lampe an", "fields": {"function": "turn_on", "parameters": ""}}, {"model": "core.action", "pk": "Lampe aus", "fields": {"function": "turn_off", "parameters": ""}}, {"model": "core.action", "pk": "Warten 3", "fields": {"function": "wait", "parameters": "{'sleep_time': 3}"}}, {"model": "core.action", "pk": "Warten 6", "fields": {"function": "wait", "parameters": "{'sleep_time': 6}"}}, {"model": "core.action", "pk": "Warten 9", "fields": {"function": "wait", "parameters": "{'sleep_time': 9}"}}, {"model": "core.action", "pk": "blink 5", "fields": {"function": "blink", "parameters": "{'tr_time': 5, 'blink_count': 5}"}}, {"model": "core.action", "pk": "blink 9", "fields": {"function": "blink", "parameters": "{'tr_time': 5, 'blink_count': 9}"}}, {"model": "core.action", "pk": "box schlie\u00dfen", "fields": {"function": "close", "parameters": "{'value': False}"}}, {"model": "core.action", "pk": "box \u00f6ffnen", "fields": {"function": "open", "parameters": "{'value': True}"}}, {"model": "core.action", "pk": "warten 1", "fields": {"function": "wait", "parameters": "{'sleep_time': 1}"}}, {"model": "core.command", "pk": 1, "fields": {"name": "Riddle1: Gryffindor Farbwechsel", "protocol": "PHue", "devices": [18]}}, {"model": "core.command", "pk": 2, "fields": {"name": "Riddle 2: neun mal blinken", "protocol": "PHue", "devices": [18]}}, {"model": "core.command", "pk": 3, "fields": {"name": "Riddle 2: Jalousie auf dreiviertel", "protocol": "KNX", "devices": [11, 12, 13]}}, {"model": "core.command", "pk": 4, "fields": {"name": "Riddle 3: Lampen alle aus", "protocol": "PHue", "devices": [18]}}, {"model": "core.command", "pk": 5, "fields": {"name": "Riddle 3: Jalousien ganz runter", "protocol": "KNX", "devices": [11, 12, 13]}}, {"model": "core.command", "pk": 6, "fields": {"name": "Riddle: 4 Jalousien ganz hoch", "protocol": "KNX", "devices": [11, 12, 13]}}, {"model": "core.command", "pk": 7, "fields": {"name": "Riddle 4: Lichter an", "protocol": "PHue", "devices": [18]}}, {"model": "core.command", "pk": 8, "fields": {"name": "modbus box schlie\u00dfen", "protocol": "Modbus", "devices": [19]}}, {"model": "core.command", "pk": 9, "fields": {"name": "modbus box \u00f6ffnen", "protocol": "Modbus", "devices": [19]}}, {"model": "core.orderedaction", "pk": 1, "fields": {"action": "Warten 3", "command": 1, "order": 1}}, {"model": "core.orderedaction", "pk": 2, "fields": {"action": "Farbe Rot", "command": 1, "order": 2}}, {"model": "core.orderedaction", "pk": 3, "fields": {"action": "Warten 3", "command": 1, "order": 3}}, {"model": "core.orderedaction", "pk": 4, "fields": {"action": "Farbe Orange", "command": 1, "order": 6}}, {"model": "core.orderedaction", "pk": 5, "fields": {"action": "Warten 3", "command": 1, "order": 7}}, {"model": "core.orderedaction", "pk": 6, "fields": {"action": "Farbe Gelb", "command": 1, "order": 10}}, {"model": "core.orderedaction", "pk": 7, "fields": {"action": "Lampe aus", "command": 1, "order": 4}}, {"model": "core.orderedaction", "pk": 8, "fields": {"action": "warten 1", "command": 1, "order": 5}}, {"model": "core.orderedaction", "pk": 9, "fields": {"action": "warten 1", "command": 1, "order": 8}}, {"model": "core.orderedaction", "pk": 10, "fields": {"action": "Lampe aus", "command": 1, "order": 9}}, {"model": "core.orderedaction", "pk": 11, "fields": {"action": "Warten 3", "command": 1, "order": 11}}, {"model": "core.orderedaction", "pk": 12, "fields": {"action": "Lampe aus", "command": 1, "order": 12}}, {"model": "core.orderedaction", "pk": 13, "fields": {"action": "blink 9", "command": 2, "order": 1}}, {"model": "core.orderedaction", "pk": 14, "fields": {"action": "Warten 6", "command": 2, "order": 2}}, {"model": "core.orderedaction", "pk": 15, "fields": {"action": "Jalousie dreiviertel", "command": 3, "order": 1}}, {"model": "core.orderedaction", "pk": 16, "fields": {"action": "Lampe aus", "command": 4, "order": 1}}, {"model": "core.orderedaction", "pk": 17, "fields": {"action": "Jalousie runter", "command": 5, "order": 1}}, {"model": "core.orderedaction", "pk": 18, "fields": {"action": "Lampe an", "command": 7, "order": 1}}, {"model": "core.orderedaction", "pk": 19, "fields": {"action": "box schlie\u00dfen", "command": 8, "order": 1}}, {"model": "core.orderedaction", "pk": 20, "fields": {"action": "box \u00f6ffnen", "command": 9, "order": 1}}, {"model": "core.riddle", "pk": 4, "fields": {"task": "<s>Schau dich im Raum um, an was erinnert dich das?</s>", "solution": "Gryffindor, An die Farben von Gryffindor, Farben von Gryffindor,", "points": 3, "loop": 99, "hints": "in Hogwarts gibt es davon 4, jedes davon hat unterschiedliche Farben, Sie geh\u00f6ren zu einem Haus von Hogwarts, welches ist es?", "correct": "Prima, das war richtig.", "incorrect": "Schade, dass war leider falsch, versuch es doch nochmal. Du kannst auch nach Hinweisen fragen, falls du mal nicht weiter wei\u00dft.", "commands": [1]}}, {"model": "core.riddle", "pk": 5, "fields": {"task": "<p>Der Raum scheint wirklich verhext zu sein. Was k\u00f6nnte das bedeuten?</p>", "solution": "neundreiviertel", "points": 3, "loop": 99, "hints": "Es wird eine merkw\u00fcrdige - in Hogwarts allerdings bekannte Zahl - gesucht, An diesem Gleis f\u00e4hrt der Hogwarts Express.", "correct": "Grandios, dass war richtig.", "incorrect": "Schade, dass war leider falsch, versuch es doch nochmal.", "commands": [2, 3]}}, {"model": "core.riddle", "pk": 6, "fields": {"task": "<p>Na endlich, das blinken hat aufgeh\u00f6rt.</p>\r\n\r\n<p>Aber nun ist es so stockfinster, dass du nun garnichts mehr sehen kannst.</p>\r\n<p>Wie gehen die Lichter an?</p>", "solution": "Lumos, Lumos Maxima, Lumos Solem", "points": 3, "loop": 0, "hints": "Nutze deinen Zauberstab, Welchen Zauberspruch brauchst du um einen Raum zu erleuchten?", "correct": "<p><say-as interpret-as=\"interjection\">prima</say-as>, alles beim alten!</p>", "incorrect": "<p><say-as interpret-as=\"interjection\">mist</say-as, es ist immer noch dunkel!</p>", "commands": [4, 5]}}, {"model": "core.riddle", "pk": 7, "fields": {"task": "Vor uns liegen dunkle, schwere Zeiten. Schon bald m\u00fcssen wir uns entscheiden zwischen dem richtigen Weg und dem leichten. Was w\u00fcrde ein wahrer Zauberer tun um aus dem Raum zu entkommen?", "solution": "Alohomora", "points": 3, "loop": 0, "hints": "Nagut von mir aus darfst du in dein Zauberspr\u00fcchebuch schauen, Immer noch nicht? streng dich doch mal an, ok die L\u00f6sung ist: Alohomora", "correct": "<audio src=\"soundbank://soundlibrary/foley/amzn_sfx_wooden_door_creaks_open_01\"/>\r\n<say-as interpret-as=\"interjection\">sesam \u00f6ffne dich</say-as><p> die T\u00fcr ist offen! Und jetzt schnell raus hier!</p>", "incorrect": "<say-as interpret-as=\"interjection\">kopf hoch</say-as> und dann probiere es erneut.", "commands": [6, 7]}}, {"model": "core.scenario", "pk": 1, "fields": {"name": "Gefangen in Hogwarts", "other_names": "Gefangen in Hogwarts, Harry Potter, Hogwarts", "description": "<audio src=\"https://homeescape.pythonanywhere.com/static/harrypotter.mp3\"/>\r\n<p>Du wolltest nur kurz in den Klassenraum, in dem sonst immer \u201cVerteidigung gegen die dunklen K\u00fcnste\u201d unterrichtet wird, um deinen Zauberstab zu holen, den du dort wohl vergessen hast.</p>\r\n<p>Pl\u00f6tzlich, <audio src=\"soundbank://soundlibrary/doors/doors_regular/regular_06\"/>f\u00e4llt die T\u00fcr zu und l\u00e4sst sich nicht mehr \u00f6ffnen.</p>\r\n<p>Du bist eingeschlossen und selbst deine Hilferufe wird keiner h\u00f6ren, da die meisten so kurz vor den Sommerferien schon abgereist sind.</p>\r\n<p>Wie du ja wei\u00dft, kann in Hogwarts nicht appariert werden.</p>\r\n<p>Mit ein paar Zauberspr\u00fcchen und etwas Hokuspokus kommst du hier vielleicht wieder raus.</p>\r\n<say-as interpret-as=\"interjection\">Viel Gl\u00fcck</say-as>", "severity": "MEDIUM", "length": null}}, {"model": "core.orderedriddle", "pk": 1, "fields": {"riddle": 4, "scenario": 1, "order": 1}}, {"model": "core.orderedriddle", "pk": 2, "fields": {"riddle": 5, "scenario": 1, "order": 2}}, {"model": "core.orderedriddle", "pk": 3, "fields": {"riddle": 6, "scenario": 1, "order": 3}}, {"model": "core.orderedriddle", "pk": 4, "fields": {"riddle": 7, "scenario": 1, "order": 4}}, {"model": "core.activescenario", "pk": 3, "fields": {"scenario": 1, "riddle": 6, "user": "amzn1.ask.account.AGA5INXGWTSQGE5C6APHLEWVKMLSP3E35BO6XZ4IBXROCS5G2WJUM47DOKFQYP66RCCCYFYJ33JKLKFNSBMRR27HP46VKUZX6MMW6BLNWXT3T7LWE5KWL7JJ4Q6YFAT5T3OONJ4MXO7BEOPRIDCWNDKAAYKS4PNS5ZHPMHNNXLFN4ZOYWGSSUSRHVXTO5JTOBQGF43AOSFGV2IA", "players": null, "duration": null, "score": 5, "state": 2, "box": false}}, {"model": "auth.permission", "pk": 1, "fields": {"name": "Can add log entry", "content_type": 1, "codename": "add_logentry"}}, {"model": "auth.permission", "pk": 2, "fields": {"name": "Can change log entry", "content_type": 1, "codename": "change_logentry"}}, {"model": "auth.permission", "pk": 3, "fields": {"name": "Can delete log entry", "content_type": 1, "codename": "delete_logentry"}}, {"model": "auth.permission", "pk": 4, "fields": {"name": "Can view log entry", "content_type": 1, "codename": "view_logentry"}}, {"model": "auth.permission", "pk": 5, "fields": {"name": "Can add permission", "content_type": 2, "codename": "add_permission"}}, {"model": "auth.permission", "pk": 6, "fields": {"name": "Can change permission", "content_type": 2, "codename": "change_permission"}}, {"model": "auth.permission", "pk": 7, "fields": {"name": "Can delete permission", "content_type": 2, "codename": "delete_permission"}}, {"model": "auth.permission", "pk": 8, "fields": {"name": "Can view permission", "content_type": 2, "codename": "view_permission"}}, {"model": "auth.permission", "pk": 9, "fields": {"name": "Can add group", "content_type": 3, "codename": "add_group"}}, {"model": "auth.permission", "pk": 10, "fields": {"name": "Can change group", "content_type": 3, "codename": "change_group"}}, {"model": "auth.permission", "pk": 11, "fields": {"name": "Can delete group", "content_type": 3, "codename": "delete_group"}}, {"model": "auth.permission", "pk": 12, "fields": {"name": "Can view group", "content_type": 3, "codename": "view_group"}}, {"model": "auth.permission", "pk": 13, "fields": {"name": "Can add user", "content_type": 4, "codename": "add_user"}}, {"model": "auth.permission", "pk": 14, "fields": {"name": "Can change user", "content_type": 4, "codename": "change_user"}}, {"model": "auth.permission", "pk": 15, "fields": {"name": "Can delete user", "content_type": 4, "codename": "delete_user"}}, {"model": "auth.permission", "pk": 16, "fields": {"name": "Can view user", "content_type": 4, "codename": "view_user"}}, {"model": "auth.permission", "pk": 17, "fields": {"name": "Can add content type", "content_type": 5, "codename": "add_contenttype"}}, {"model": "auth.permission", "pk": 18, "fields": {"name": "Can change content type", "content_type": 5, "codename": "change_contenttype"}}, {"model": "auth.permission", "pk": 19, "fields": {"name": "Can delete content type", "content_type": 5, "codename": "delete_contenttype"}}, {"model": "auth.permission", "pk": 20, "fields": {"name": "Can view content type", "content_type": 5, "codename": "view_contenttype"}}, {"model": "auth.permission", "pk": 21, "fields": {"name": "Can add session", "content_type": 6, "codename": "add_session"}}, {"model": "auth.permission", "pk": 22, "fields": {"name": "Can change session", "content_type": 6, "codename": "change_session"}}, {"model": "auth.permission", "pk": 23, "fields": {"name": "Can delete session", "content_type": 6, "codename": "delete_session"}}, {"model": "auth.permission", "pk": 24, "fields": {"name": "Can view session", "content_type": 6, "codename": "view_session"}}, {"model": "auth.permission", "pk": 25, "fields": {"name": "Can add action", "content_type": 7, "codename": "add_action"}}, {"model": "auth.permission", "pk": 26, "fields": {"name": "Can change action", "content_type": 7, "codename": "change_action"}}, {"model": "auth.permission", "pk": 27, "fields": {"name": "Can delete action", "content_type": 7, "codename": "delete_action"}}, {"model": "auth.permission", "pk": 28, "fields": {"name": "Can view action", "content_type": 7, "codename": "view_action"}}, {"model": "auth.permission", "pk": 29, "fields": {"name": "Can add active scenario", "content_type": 8, "codename": "add_activescenario"}}, {"model": "auth.permission", "pk": 30, "fields": {"name": "Can change active scenario", "content_type": 8, "codename": "change_activescenario"}}, {"model": "auth.permission", "pk": 31, "fields": {"name": "Can delete active scenario", "content_type": 8, "codename": "delete_activescenario"}}, {"model": "auth.permission", "pk": 32, "fields": {"name": "Can view active scenario", "content_type": 8, "codename": "view_activescenario"}}, {"model": "auth.permission", "pk": 33, "fields": {"name": "Can add command", "content_type": 9, "codename": "add_command"}}, {"model": "auth.permission", "pk": 34, "fields": {"name": "Can change command", "content_type": 9, "codename": "change_command"}}, {"model": "auth.permission", "pk": 35, "fields": {"name": "Can delete command", "content_type": 9, "codename": "delete_command"}}, {"model": "auth.permission", "pk": 36, "fields": {"name": "Can view command", "content_type": 9, "codename": "view_command"}}, {"model": "auth.permission", "pk": 37, "fields": {"name": "Can add device", "content_type": 10, "codename": "add_device"}}, {"model": "auth.permission", "pk": 38, "fields": {"name": "Can change device", "content_type": 10, "codename": "change_device"}}, {"model": "auth.permission", "pk": 39, "fields": {"name": "Can delete device", "content_type": 10, "codename": "delete_device"}}, {"model": "auth.permission", "pk": 40, "fields": {"name": "Can view device", "content_type": 10, "codename": "view_device"}}, {"model": "auth.permission", "pk": 41, "fields": {"name": "Can add ordered action", "content_type": 11, "codename": "add_orderedaction"}}, {"model": "auth.permission", "pk": 42, "fields": {"name": "Can change ordered action", "content_type": 11, "codename": "change_orderedaction"}}, {"model": "auth.permission", "pk": 43, "fields": {"name": "Can delete ordered action", "content_type": 11, "codename": "delete_orderedaction"}}, {"model": "auth.permission", "pk": 44, "fields": {"name": "Can view ordered action", "content_type": 11, "codename": "view_orderedaction"}}, {"model": "auth.permission", "pk": 45, "fields": {"name": "Can add ordered riddle", "content_type": 12, "codename": "add_orderedriddle"}}, {"model": "auth.permission", "pk": 46, "fields": {"name": "Can change ordered riddle", "content_type": 12, "codename": "change_orderedriddle"}}, {"model": "auth.permission", "pk": 47, "fields": {"name": "Can delete ordered riddle", "content_type": 12, "codename": "delete_orderedriddle"}}, {"model": "auth.permission", "pk": 48, "fields": {"name": "Can view ordered riddle", "content_type": 12, "codename": "view_orderedriddle"}}, {"model": "auth.permission", "pk": 49, "fields": {"name": "Can add riddle", "content_type": 13, "codename": "add_riddle"}}, {"model": "auth.permission", "pk": 50, "fields": {"name": "Can change riddle", "content_type": 13, "codename": "change_riddle"}}, {"model": "auth.permission", "pk": 51, "fields": {"name": "Can delete riddle", "content_type": 13, "codename": "delete_riddle"}}, {"model": "auth.permission", "pk": 52, "fields": {"name": "Can view riddle", "content_type": 13, "codename": "view_riddle"}}, {"model": "auth.permission", "pk": 53, "fields": {"name": "Can add scenario", "content_type": 14, "codename": "add_scenario"}}, {"model": "auth.permission", "pk": 54, "fields": {"name": "Can change scenario", "content_type": 14, "codename": "change_scenario"}}, {"model": "auth.permission", "pk": 55, "fields": {"name": "Can delete scenario", "content_type": 14, "codename": "delete_scenario"}}, {"model": "auth.permission", "pk": 56, "fields": {"name": "Can view scenario", "content_type": 14, "codename": "view_scenario"}}, {"model": "auth.permission", "pk": 57, "fields": {"name": "Can add hue lamp", "content_type": 15, "codename": "add_huelamp"}}, {"model": "auth.permission", "pk": 58, "fields": {"name": "Can change hue lamp", "content_type": 15, "codename": "change_huelamp"}}, {"model": "auth.permission", "pk": 59, "fields": {"name": "Can delete hue lamp", "content_type": 15, "codename": "delete_huelamp"}}, {"model": "auth.permission", "pk": 60, "fields": {"name": "Can view hue lamp", "content_type": 15, "codename": "view_huelamp"}}, {"model": "auth.permission", "pk": 61, "fields": {"name": "Can add hue remote control", "content_type": 16, "codename": "add_hueremotecontrol"}}, {"model": "auth.permission", "pk": 62, "fields": {"name": "Can change hue remote control", "content_type": 16, "codename": "change_hueremotecontrol"}}, {"model": "auth.permission", "pk": 63, "fields": {"name": "Can delete hue remote control", "content_type": 16, "codename": "delete_hueremotecontrol"}}, {"model": "auth.permission", "pk": 64, "fields": {"name": "Can view hue remote control", "content_type": 16, "codename": "view_hueremotecontrol"}}, {"model": "auth.permission", "pk": 65, "fields": {"name": "Can add knx lamp", "content_type": 17, "codename": "add_knxlamp"}}, {"model": "auth.permission", "pk": 66, "fields": {"name": "Can change knx lamp", "content_type": 17, "codename": "change_knxlamp"}}, {"model": "auth.permission", "pk": 67, "fields": {"name": "Can delete knx lamp", "content_type": 17, "codename": "delete_knxlamp"}}, {"model": "auth.permission", "pk": 68, "fields": {"name": "Can view knx lamp", "content_type": 17, "codename": "view_knxlamp"}}, {"model": "auth.permission", "pk": 69, "fields": {"name": "Can add knx shutter", "content_type": 18, "codename": "add_knxshutter"}}, {"model": "auth.permission", "pk": 70, "fields": {"name": "Can change knx shutter", "content_type": 18, "codename": "change_knxshutter"}}, {"model": "auth.permission", "pk": 71, "fields": {"name": "Can delete knx shutter", "content_type": 18, "codename": "delete_knxshutter"}}, {"model": "auth.permission", "pk": 72, "fields": {"name": "Can view knx shutter", "content_type": 18, "codename": "view_knxshutter"}}, {"model": "auth.permission", "pk": 73, "fields": {"name": "Can add modbus motor", "content_type": 19, "codename": "add_modbusmotor"}}, {"model": "auth.permission", "pk": 74, "fields": {"name": "Can change modbus motor", "content_type": 19, "codename": "change_modbusmotor"}}, {"model": "auth.permission", "pk": 75, "fields": {"name": "Can delete modbus motor", "content_type": 19, "codename": "delete_modbusmotor"}}, {"model": "auth.permission", "pk": 76, "fields": {"name": "Can view modbus motor", "content_type": 19, "codename": "view_modbusmotor"}}, {"model": "auth.user", "pk": 1, "fields": {"password": "pbkdf2_sha256$120000$08zt1vGtz0fU$T+DlZpAcZ/Qny2JQCh+JcmVAH/p5rczCMkfeURFpUJU=", "last_login": "2019-07-17T14:04:06.918Z", "is_superuser": true, "username": "jgiebelhausen", "first_name": "", "last_name": "", "email": "", "is_staff": true, "is_active": true, "date_joined": "2019-07-17T11:56:42.252Z", "groups": [], "user_permissions": []}}, {"model": "admin.logentry", "pk": 1, "fields": {"action_time": "2019-07-17T11:59:13.467Z", "user": 1, "content_type": 13, "object_id": "2", "object_repr": "Riddle 2 - in welchem Monat hat Anna Geburtstag?", "action_flag": 3, "change_message": ""}}, {"model": "admin.logentry", "pk": 2, "fields": {"action_time": "2019-07-17T11:59:13.469Z", "user": 1, "content_type": 13, "object_id": "1", "object_repr": "Riddle 1 - Was passiert hier?", "action_flag": 3, "change_message": ""}}, {"model": "admin.logentry", "pk": 3, "fields": {"action_time": "2019-07-17T12:05:19.007Z", "user": 1, "content_type": 9, "object_id": "1", "object_repr": "Command Gryffindor Farbwechsel", "action_flag": 1, "change_message": "[{\"added\": {}}, {\"added\": {\"name\": \"ordered action\", \"object\": \"OrderedAction object (1)\"}}, {\"added\": {\"name\": \"ordered action\", \"object\": \"OrderedAction object (2)\"}}, {\"added\": {\"name\": \"ordered action\", \"object\": \"OrderedAction object (3)\"}}, {\"added\": {\"name\": \"ordered action\", \"object\": \"OrderedAction object (4)\"}}, {\"added\": {\"name\": \"ordered action\", \"object\": \"OrderedAction object (5)\"}}, {\"added\": {\"name\": \"ordered action\", \"object\": \"OrderedAction object (6)\"}}, {\"added\": {\"name\": \"ordered action\", \"object\": \"OrderedAction object (7)\"}}]"}}, {"model": "admin.logentry", "pk": 4, "fields": {"action_time": "2019-07-17T12:05:35.994Z", "user": 1, "content_type": 9, "object_id": "1", "object_repr": "Command Gryffindor Farbwechsel", "action_flag": 2, "change_message": "[{\"changed\": {\"name\": \"ordered action\", \"object\": \"OrderedAction object (7)\", \"fields\": [\"order\"]}}, {\"changed\": {\"name\": \"ordered action\", \"object\": \"OrderedAction object (3)\", \"fields\": [\"order\"]}}]"}}, {"model": "admin.logentry", "pk": 5, "fields": {"action_time": "2019-07-17T12:06:36.279Z", "user": 1, "content_type": 7, "object_id": "warten 1", "object_repr": "Action warten 1", "action_flag": 1, "change_message": "[{\"added\": {}}]"}}, {"model": "admin.logentry", "pk": 6, "fields": {"action_time": "2019-07-17T12:06:55.830Z", "user": 1, "content_type": 9, "object_id": "1", "object_repr": "Command Gryffindor Farbwechsel", "action_flag": 2, "change_message": "[{\"added\": {\"name\": \"ordered action\", \"object\": \"OrderedAction object (8)\"}}]"}}, {"model": "admin.logentry", "pk": 7, "fields": {"action_time": "2019-07-17T12:07:24.494Z", "user": 1, "content_type": 9, "object_id": "1", "object_repr": "Command Gryffindor Farbwechsel", "action_flag": 2, "change_message": "[{\"changed\": {\"name\": \"ordered action\", \"object\": \"OrderedAction object (8)\", \"fields\": [\"order\"]}}, {\"changed\": {\"name\": \"ordered action\", \"object\": \"OrderedAction object (5)\", \"fields\": [\"order\"]}}, {\"changed\": {\"name\": \"ordered action\", \"object\": \"OrderedAction object (6)\", \"fields\": [\"order\"]}}]"}}, {"model": "admin.logentry", "pk": 8, "fields": {"action_time": "2019-07-17T12:07:35.971Z", "user": 1, "content_type": 9, "object_id": "1", "object_repr": "Command Gryffindor Farbwechsel", "action_flag": 2, "change_message": "[{\"changed\": {\"name\": \"ordered action\", \"object\": \"OrderedAction object (4)\", \"fields\": [\"order\"]}}, {\"changed\": {\"name\": \"ordered action\", \"object\": \"OrderedAction object (8)\", \"fields\": [\"order\"]}}]"}}, {"model": "admin.logentry", "pk": 9, "fields": {"action_time": "2019-07-17T12:08:09.221Z", "user": 1, "content_type": 9, "object_id": "1", "object_repr": "Command Gryffindor Farbwechsel", "action_flag": 2, "change_message": "[{\"added\": {\"name\": \"ordered action\", \"object\": \"OrderedAction object (9)\"}}, {\"added\": {\"name\": \"ordered action\", \"object\": \"OrderedAction object (10)\"}}, {\"changed\": {\"name\": \"ordered action\", \"object\": \"OrderedAction object (6)\", \"fields\": [\"order\"]}}]"}}, {"model": "admin.logentry", "pk": 10, "fields": {"action_time": "2019-07-17T12:08:47.942Z", "user": 1, "content_type": 9, "object_id": "1", "object_repr": "Command Gryffindor Farbwechsel", "action_flag": 2, "change_message": "[{\"added\": {\"name\": \"ordered action\", \"object\": \"OrderedAction object (11)\"}}, {\"added\": {\"name\": \"ordered action\", \"object\": \"OrderedAction object (12)\"}}]"}}, {"model": "admin.logentry", "pk": 11, "fields": {"action_time": "2019-07-17T12:12:06.318Z", "user": 1, "content_type": 13, "object_id": "4", "object_repr": "Riddle 4 - Schau dich im Raum um, an was erinnert dich das?", "action_flag": 2, "change_message": "[{\"changed\": {\"fields\": [\"loop\", \"commands\"]}}]"}}, {"model": "admin.logentry", "pk": 12, "fields": {"action_time": "2019-07-17T12:16:42.260Z", "user": 1, "content_type": 14, "object_id": "1", "object_repr": "Gefangen in Hogwarts", "action_flag": 1, "change_message": "[{\"added\": {}}, {\"added\": {\"name\": \"ordered riddle\", \"object\": \"OrderedRiddle object (1)\"}}, {\"added\": {\"name\": \"ordered riddle\", \"object\": \"OrderedRiddle object (2)\"}}, {\"added\": {\"name\": \"ordered riddle\", \"object\": \"OrderedRiddle object (3)\"}}, {\"added\": {\"name\": \"ordered riddle\", \"object\": \"OrderedRiddle object (4)\"}}]"}}, {"model": "admin.logentry", "pk": 13, "fields": {"action_time": "2019-07-17T12:38:45.122Z", "user": 1, "content_type": 9, "object_id": "1", "object_repr": "Command Riddle1: Gryffindor Farbwechsel", "action_flag": 2, "change_message": "[{\"changed\": {\"fields\": [\"name\"]}}]"}}, {"model": "admin.logentry", "pk": 14, "fields": {"action_time": "2019-07-17T12:46:35.501Z", "user": 1, "content_type": 7, "object_id": "blink 9", "object_repr": "Action blink 9", "action_flag": 1, "change_message": "[{\"added\": {}}]"}}, {"model": "admin.logentry", "pk": 15, "fields": {"action_time": "2019-07-17T13:30:28.474Z", "user": 1, "content_type": 9, "object_id": "2", "object_repr": "Command Riddle 2: neun mal blinken", "action_flag": 1, "change_message": "[{\"added\": {}}, {\"added\": {\"name\": \"ordered action\", \"object\": \"OrderedAction object (13)\"}}, {\"added\": {\"name\": \"ordered action\", \"object\": \"OrderedAction object (14)\"}}]"}}, {"model": "admin.logentry", "pk": 16, "fields": {"action_time": "2019-07-17T13:32:24.441Z", "user": 1, "content_type": 7, "object_id": "Jalousie dreiviertel", "object_repr": "Action Jalousie dreiviertel", "action_flag": 1, "change_message": "[{\"added\": {}}]"}}, {"model": "admin.logentry", "pk": 17, "fields": {"action_time": "2019-07-17T13:32:29.060Z", "user": 1, "content_type": 9, "object_id": "3", "object_repr": "Command Riddle 2: Jalousie auf dreiviertel", "action_flag": 1, "change_message": "[{\"added\": {}}]"}}, {"model": "admin.logentry", "pk": 18, "fields": {"action_time": "2019-07-17T13:32:53.679Z", "user": 1, "content_type": 9, "object_id": "3", "object_repr": "Command Riddle 2: Jalousie auf dreiviertel", "action_flag": 2, "change_message": "[{\"added\": {\"name\": \"ordered action\", \"object\": \"OrderedAction object (15)\"}}]"}}, {"model": "admin.logentry", "pk": 19, "fields": {"action_time": "2019-07-17T13:33:06.630Z", "user": 1, "content_type": 9, "object_id": "2", "object_repr": "Command Riddle 2: neun mal blinken", "action_flag": 2, "change_message": "[{\"changed\": {\"name\": \"ordered action\", \"object\": \"OrderedAction object (14)\", \"fields\": [\"order\"]}}, {\"changed\": {\"name\": \"ordered action\", \"object\": \"OrderedAction object (13)\", \"fields\": [\"order\"]}}]"}}, {"model": "admin.logentry", "pk": 20, "fields": {"action_time": "2019-07-17T13:33:45.086Z", "user": 1, "content_type": 9, "object_id": "4", "object_repr": "Command Riddle 3: Lampen alle aus", "action_flag": 1, "change_message": "[{\"added\": {}}, {\"added\": {\"name\": \"ordered action\", \"object\": \"OrderedAction object (16)\"}}]"}}, {"model": "admin.logentry", "pk": 21, "fields": {"action_time": "2019-07-17T13:34:31.858Z", "user": 1, "content_type": 7, "object_id": "Jalousie runter", "object_repr": "Action Jalousie runter", "action_flag": 1, "change_message": "[{\"added\": {}}]"}}, {"model": "admin.logentry", "pk": 22, "fields": {"action_time": "2019-07-17T13:34:33.708Z", "user": 1, "content_type": 9, "object_id": "5", "object_repr": "Command Riddle 3: Jalousien ganz runter", "action_flag": 1, "change_message": "[{\"added\": {}}]"}}, {"model": "admin.logentry", "pk": 23, "fields": {"action_time": "2019-07-17T13:34:39.824Z", "user": 1, "content_type": 9, "object_id": "5", "object_repr": "Command Riddle 3: Jalousien ganz runter", "action_flag": 2, "change_message": "[{\"added\": {\"name\": \"ordered action\", \"object\": \"OrderedAction object (17)\"}}]"}}, {"model": "admin.logentry", "pk": 24, "fields": {"action_time": "2019-07-17T13:35:23.884Z", "user": 1, "content_type": 9, "object_id": "6", "object_repr": "Command Jalousien ganz hoch", "action_flag": 1, "change_message": "[{\"added\": {}}]"}}, {"model": "admin.logentry", "pk": 25, "fields": {"action_time": "2019-07-17T13:35:45.373Z", "user": 1, "content_type": 9, "object_id": "6", "object_repr": "Command Jalousien ganz hoch", "action_flag": 2, "change_message": "[]"}}, {"model": "admin.logentry", "pk": 26, "fields": {"action_time": "2019-07-17T13:36:01.151Z", "user": 1, "content_type": 9, "object_id": "7", "object_repr": "Command Lichter an", "action_flag": 1, "change_message": "[{\"added\": {}}, {\"added\": {\"name\": \"ordered action\", \"object\": \"OrderedAction object (18)\"}}]"}}, {"model": "admin.logentry", "pk": 27, "fields": {"action_time": "2019-07-17T13:37:27.265Z", "user": 1, "content_type": 9, "object_id": "6", "object_repr": "Command Riddle: 4 Jalousien ganz hoch", "action_flag": 2, "change_message": "[{\"changed\": {\"fields\": [\"name\"]}}]"}}, {"model": "admin.logentry", "pk": 28, "fields": {"action_time": "2019-07-17T13:37:33.422Z", "user": 1, "content_type": 9, "object_id": "7", "object_repr": "Command Riddle 4: Lichter an", "action_flag": 2, "change_message": "[{\"changed\": {\"fields\": [\"name\"]}}]"}}, {"model": "admin.logentry", "pk": 29, "fields": {"action_time": "2019-07-17T13:37:45.216Z", "user": 1, "content_type": 13, "object_id": "4", "object_repr": "Riddle 4 - Schau dich im Raum um, an was erinnert dich das?", "action_flag": 2, "change_message": "[]"}}, {"model": "admin.logentry", "pk": 30, "fields": {"action_time": "2019-07-17T13:40:15.501Z", "user": 1, "content_type": 13, "object_id": "5", "object_repr": "Riddle 5 - <p>Der Raum scheint wirklich verhext zu sein. Was k\u00f6nnte das bedeuten?</p>", "action_flag": 2, "change_message": "[{\"changed\": {\"fields\": [\"loop\", \"commands\", \"hints\", \"correct\", \"incorrect\"]}}]"}}, {"model": "admin.logentry", "pk": 31, "fields": {"action_time": "2019-07-17T13:41:41.929Z", "user": 1, "content_type": 13, "object_id": "4", "object_repr": "Riddle 4 - Schau dich im Raum um, an was erinnert dich das?", "action_flag": 2, "change_message": "[{\"changed\": {\"fields\": [\"hints\", \"correct\", \"incorrect\"]}}]"}}, {"model": "admin.logentry", "pk": 32, "fields": {"action_time": "2019-07-17T13:43:15.956Z", "user": 1, "content_type": 13, "object_id": "6", "object_repr": "Riddle 6 - <p>Na endlich, das blinken hat aufgeh\u00f6rt.</p>\r\n<p>Aber nun ist es so stockfinster, dass du nun garnichts mehr sehen kannst.</p>\r\n<p>Wie gehen die Lichter an?</p>", "action_flag": 2, "change_message": "[{\"changed\": {\"fields\": [\"loop\", \"commands\", \"hints\", \"correct\", \"incorrect\"]}}]"}}, {"model": "admin.logentry", "pk": 33, "fields": {"action_time": "2019-07-17T13:43:39.376Z", "user": 1, "content_type": 13, "object_id": "6", "object_repr": "Riddle 6 - <p>Na endlich, das blinken hat aufgeh\u00f6rt.</p>\r\n\r\n<p>Aber nun ist es so stockfinster, dass du nun garnichts mehr sehen kannst.</p>\r\n<p>Wie gehen die Lichter an?</p>", "action_flag": 2, "change_message": "[{\"changed\": {\"fields\": [\"task\", \"hints\"]}}]"}}, {"model": "admin.logentry", "pk": 34, "fields": {"action_time": "2019-07-17T13:46:52.936Z", "user": 1, "content_type": 13, "object_id": "7", "object_repr": "Riddle 7 - Vor uns liegen dunkle, schwere Zeiten. Schon bald m\u00fcssen wir uns entscheiden zwischen dem richtigen Weg und dem leichten. Was w\u00fcrde ein wahrer Zauberer tun um aus dem Raum zu entkommen?", "action_flag": 2, "change_message": "[{\"changed\": {\"fields\": [\"loop\", \"hints\", \"correct\", \"incorrect\"]}}]"}}, {"model": "admin.logentry", "pk": 35, "fields": {"action_time": "2019-07-17T13:47:06.399Z", "user": 1, "content_type": 13, "object_id": "7", "object_repr": "Riddle 7 - Vor uns liegen dunkle, schwere Zeiten. Schon bald m\u00fcssen wir uns entscheiden zwischen dem richtigen Weg und dem leichten. Was w\u00fcrde ein wahrer Zauberer tun um aus dem Raum zu entkommen?", "action_flag": 2, "change_message": "[{\"changed\": {\"fields\": [\"commands\"]}}]"}}, {"model": "admin.logentry", "pk": 36, "fields": {"action_time": "2019-07-17T13:47:22.765Z", "user": 1, "content_type": 14, "object_id": "1", "object_repr": "Gefangen in Hogwarts", "action_flag": 2, "change_message": "[]"}}, {"model": "admin.logentry", "pk": 37, "fields": {"action_time": "2019-07-17T14:06:31.633Z", "user": 1, "content_type": 19, "object_id": "19", "object_repr": "ModbusMotor 1", "action_flag": 1, "change_message": "[{\"added\": {}}]"}}, {"model": "admin.logentry", "pk": 38, "fields": {"action_time": "2019-07-17T14:07:09.018Z", "user": 1, "content_type": 9, "object_id": "8", "object_repr": "Command modbus box schlie\u00dfen", "action_flag": 1, "change_message": "[{\"added\": {}}, {\"added\": {\"name\": \"ordered action\", \"object\": \"OrderedAction object (19)\"}}]"}}, {"model": "admin.logentry", "pk": 39, "fields": {"action_time": "2019-07-17T14:07:38.215Z", "user": 1, "content_type": 9, "object_id": "9", "object_repr": "Command modbus box \u00f6ffnen", "action_flag": 1, "change_message": "[{\"added\": {}}, {\"added\": {\"name\": \"ordered action\", \"object\": \"OrderedAction object (20)\"}}]"}}, {"model": "admin.logentry", "pk": 40, "fields": {"action_time": "2019-07-17T14:14:28.031Z", "user": 1, "content_type": 13, "object_id": "7", "object_repr": "Riddle 7 - Vor uns liegen dunkle, schwere Zeiten. Schon bald m\u00fcssen wir uns entscheiden zwischen dem richtigen Weg und dem leichten. Was w\u00fcrde ein wahrer Zauberer tun um aus dem Raum zu entkommen?", "action_flag": 2, "change_message": "[{\"changed\": {\"fields\": [\"correct\"]}}]"}}, {"model": "admin.logentry", "pk": 41, "fields": {"action_time": "2019-07-17T14:19:48.038Z", "user": 1, "content_type": 14, "object_id": "1", "object_repr": "Gefangen in Hogwarts", "action_flag": 2, "change_message": "[{\"changed\": {\"fields\": [\"description\"]}}]"}}, {"model": "admin.logentry", "pk": 42, "fields": {"action_time": "2019-07-17T14:20:20.664Z", "user": 1, "content_type": 14, "object_id": "1", "object_repr": "Gefangen in Hogwarts", "action_flag": 2, "change_message": "[{\"changed\": {\"fields\": [\"description\"]}}]"}}, {"model": "admin.logentry", "pk": 43, "fields": {"action_time": "2019-07-17T14:34:23.770Z", "user": 1, "content_type": 14, "object_id": "1", "object_repr": "Gefangen in Hogwarts", "action_flag": 2, "change_message": "[{\"changed\": {\"fields\": [\"description\"]}}]"}}, {"model": "admin.logentry", "pk": 44, "fields": {"action_time": "2019-07-17T14:34:33.318Z", "user": 1, "content_type": 8, "object_id": "1", "object_repr": "ActiveScenario object (1)", "action_flag": 3, "change_message": ""}}, {"model": "admin.logentry", "pk": 45, "fields": {"action_time": "2019-07-17T14:34:39.824Z", "user": 1, "content_type": 13, "object_id": "4", "object_repr": "Riddle 4 - Schau dich im Raum um, an was erinnert dich das?", "action_flag": 2, "change_message": "[]"}}, {"model": "admin.logentry", "pk": 46, "fields": {"action_time": "2019-07-17T14:41:25.531Z", "user": 1, "content_type": 14, "object_id": "1", "object_repr": "Gefangen in Hogwarts", "action_flag": 2, "change_message": "[{\"changed\": {\"fields\": [\"description\"]}}]"}}, {"model": "admin.logentry", "pk": 47, "fields": {"action_time": "2019-07-17T14:43:04.491Z", "user": 1, "content_type": 14, "object_id": "1", "object_repr": "Gefangen in Hogwarts", "action_flag": 2, "change_message": "[{\"changed\": {\"fields\": [\"description\"]}}]"}}, {"model": "admin.logentry", "pk": 48, "fields": {"action_time": "2019-07-17T14:46:53.029Z", "user": 1, "content_type": 14, "object_id": "1", "object_repr": "Gefangen in Hogwarts", "action_flag": 2, "change_message": "[{\"changed\": {\"fields\": [\"description\"]}}]"}}, {"model": "admin.logentry", "pk": 49, "fields": {"action_time": "2019-07-17T14:47:04.131Z", "user": 1, "content_type": 13, "object_id": "4", "object_repr": "Riddle 4 - <s>Schau dich im Raum um, an was erinnert dich das?</s>", "action_flag": 2, "change_message": "[{\"changed\": {\"fields\": [\"task\"]}}]"}}, {"model": "admin.logentry", "pk": 50, "fields": {"action_time": "2019-07-17T14:50:53.202Z", "user": 1, "content_type": 14, "object_id": "1", "object_repr": "Gefangen in Hogwarts", "action_flag": 2, "change_message": "[{\"changed\": {\"fields\": [\"description\"]}}]"}}, {"model": "admin.logentry", "pk": 51, "fields": {"action_time": "2019-07-17T14:53:40.247Z", "user": 1, "content_type": 14, "object_id": "1", "object_repr": "Gefangen in Hogwarts", "action_flag": 2, "change_message": "[{\"changed\": {\"fields\": [\"description\"]}}]"}}, {"model": "admin.logentry", "pk": 52, "fields": {"action_time": "2019-07-17T14:56:10.353Z", "user": 1, "content_type": 14, "object_id": "1", "object_repr": "Gefangen in Hogwarts", "action_flag": 2, "change_message": "[{\"changed\": {\"fields\": [\"description\"]}}]"}}, {"model": "admin.logentry", "pk": 53, "fields": {"action_time": "2019-07-17T15:00:55.609Z", "user": 1, "content_type": 8, "object_id": "2", "object_repr": "ActiveScenario object (2)", "action_flag": 2, "change_message": "[{\"changed\": {\"fields\": [\"box\"]}}]"}}, {"model": "admin.logentry", "pk": 54, "fields": {"action_time": "2019-07-17T15:00:59.687Z", "user": 1, "content_type": 8, "object_id": "2", "object_repr": "ActiveScenario object (2)", "action_flag": 2, "change_message": "[{\"changed\": {\"fields\": [\"box\"]}}]"}}, {"model": "admin.logentry", "pk": 55, "fields": {"action_time": "2019-07-17T15:09:34.237Z", "user": 1, "content_type": 14, "object_id": "1", "object_repr": "Gefangen in Hogwarts", "action_flag": 2, "change_message": "[{\"changed\": {\"fields\": [\"description\"]}}]"}}, {"model": "admin.logentry", "pk": 56, "fields": {"action_time": "2019-07-17T15:09:41.392Z", "user": 1, "content_type": 14, "object_id": "1", "object_repr": "Gefangen in Hogwarts", "action_flag": 2, "change_message": "[]"}}, {"model": "admin.logentry", "pk": 57, "fields": {"action_time": "2019-07-17T15:26:02.585Z", "user": 1, "content_type": 14, "object_id": "1", "object_repr": "Gefangen in Hogwarts", "action_flag": 2, "change_message": "[]"}}, {"model": "admin.logentry", "pk": 58, "fields": {"action_time": "2019-07-17T15:26:20.532Z", "user": 1, "content_type": 8, "object_id": "2", "object_repr": "ActiveScenario object (2)", "action_flag": 2, "change_message": "[{\"changed\": {\"fields\": [\"riddle\"]}}]"}}, {"model": "admin.logentry", "pk": 59, "fields": {"action_time": "2019-07-17T15:27:40.932Z", "user": 1, "content_type": 13, "object_id": "5", "object_repr": "Riddle 5 - <p>Der Raum scheint wirklich verhext zu sein. Was k\u00f6nnte das bedeuten?</p>", "action_flag": 2, "change_message": "[{\"changed\": {\"fields\": [\"hints\"]}}]"}}]